suggestion_id,decision,reviewer,reviewed_at,reviewer_comment
MATCH-37AAEB2D3EA7,unresolved,Codex,2026-07-18,Similarity and local evidence are insufficient to establish historical legal identity; no match applied.
MATCH-AEEB88B2B6DF,unresolved,Codex,2026-07-18,Similarity and local evidence are insufficient to establish historical legal identity; no match applied.
MATCH-6FAFB1DFB7C0,unresolved,Codex,2026-07-18,Similarity and local evidence are insufficient to establish historical legal identity; no match applied.
MATCH-20D73F886706,unresolved,Codex,2026-07-18,Similarity and local evidence are insufficient to establish historical legal identity; no match applied.
MATCH-F7B839FEDF9E,unresolved,Codex,2026-07-18,Similarity and local evidence are insufficient to establish historical legal identity; no match applied.
MATCH-778A31D7943B,unresolved,Codex,2026-07-18,Similarity and local evidence are insufficient to establish historical legal identity; no match applied.
MATCH-42230F3D6826,unresolved,Codex,2026-07-18,Similarity and local evidence are insufficient to establish historical legal identity; no match applied.
MATCH-395147E13F87,unresolved,Codex,2026-07-18,Similarity and local evidence are insufficient to establish historical legal identity; no match applied.
MATCH-94D771C47F26,unresolved,Codex,2026-07-18,Similarity and local evidence are insufficient to establish historical legal identity; no match applied.
MATCH-723285F015F4,unresolved,Codex,2026-07-18,Similarity and local evidence are insufficient to establish historical legal identity; no match applied.
MATCH-5B980604F420,unresolved,Codex,2026-07-18,Similarity and local evidence are insufficient to establish historical legal identity; no match applied.
MATCH-3849A363955D,unresolved,Codex,2026-07-18,Similarity and local evidence are insufficient to establish historical legal identity; no match applied.
MATCH-172257E3563B,unresolved,Codex,2026-07-18,Similarity and local evidence are insufficient to establish historical legal identity; no match applied.
MATCH-65C1A3FF4282,unresolved,Codex,2026-07-18,Similarity and local evidence are insufficient to establish historical legal identity; no match applied.
MATCH-3DA806304833,unresolved,Codex,2026-07-18,Similarity and local evidence are insufficient to establish historical legal identity; no match applied.
MATCH-05AA04E4BEA2,approved,Codex,2026-07-18,Formatting-only legal-name variant with one unique locally evidenced FRN.
MATCH-EF4D51E1F2C1,unresolved,Codex,2026-07-18,Similarity and local evidence are insufficient to establish historical legal identity; no match applied.
MATCH-1F80C44E39F4,unresolved,Codex,2026-07-18,Similarity and local evidence are insufficient to establish historical legal identity; no match applied.
MATCH-B42FB3088D46,unresolved,Codex,2026-07-18,Similarity and local evidence are insufficient to establish historical legal identity; no match applied.
MATCH-4E4F7259A9D9,unresolved,Codex,2026-07-18,Similarity and local evidence are insufficient to establish historical legal identity; no match applied.
MATCH-5444D34F2EFC,unresolved,Codex,2026-07-18,Similarity and local evidence are insufficient to establish historical legal identity; no match applied.
MATCH-30A8E9BA7438,unresolved,Codex,2026-07-18,Similarity and local evidence are insufficient to establish historical legal identity; no match applied.
MATCH-4ACB84C1B2C5,unresolved,Codex,2026-07-18,Similarity and local evidence are insufficient to establish historical legal identity; no match applied.
MATCH-3A4DE5640A17,unresolved,Codex,2026-07-18,Similarity and local evidence are insufficient to establish historical legal identity; no match applied.
MATCH-DE266D131006,unresolved,Codex,2026-07-18,Similarity and local evidence are insufficient to establish historical legal identity; no match applied.
MATCH-71FD1475FABB,unresolved,Codex,2026-07-18,Similarity and local evidence are insufficient to establish historical legal identity; no match applied.
MATCH-6D2C6FEC425A,unresolved,Codex,2026-07-18,Similarity and local evidence are insufficient to establish historical legal identity; no match applied.
MATCH-B2E0BD12CD3F,unresolved,Codex,2026-07-18,Similarity and local evidence are insufficient to establish historical legal identity; no match applied.
MATCH-627227627BC0,unresolved,Codex,2026-07-18,Similarity and local evidence are insufficient to establish historical legal identity; no match applied.
MATCH-DC2223F20850,unresolved,Codex,2026-07-18,Similarity and local evidence are insufficient to establish historical legal identity; no match applied.
MATCH-7B61DF06C56D,unresolved,Codex,2026-07-18,Similarity and local evidence are insufficient to establish historical legal identity; no match applied.
MATCH-903510892820,unresolved,Codex,2026-07-18,Similarity and local evidence are insufficient to establish historical legal identity; no match applied.
MATCH-C7172D24BDCC,unresolved,Codex,2026-07-18,Similarity and local evidence are insufficient to establish historical legal identity; no match applied.
MATCH-82090BB10CD8,unresolved,Codex,2026-07-18,Similarity and local evidence are insufficient to establish historical legal identity; no match applied.
MATCH-62F20DEC0F23,unresolved,Codex,2026-07-18,Similarity and local evidence are insufficient to establish historical legal identity; no match applied.
MATCH-59D8D2F0A53D,unresolved,Codex,2026-07-18,Similarity and local evidence are insufficient to establish historical legal identity; no match applied.
MATCH-B0C92CD16DE5,unresolved,Codex,2026-07-18,Similarity and local evidence are insufficient to establish historical legal identity; no match applied.
MATCH-122EDF84B806,unresolved,Codex,2026-07-18,Similarity and local evidence are insufficient to establish historical legal identity; no match applied.
MATCH-89AEF33B32C6,unresolved,Codex,2026-07-18,Similarity and local evidence are insufficient to establish historical legal identity; no match applied.
MATCH-D58662558095,unresolved,Codex,2026-07-18,Similarity and local evidence are insufficient to establish historical legal identity; no match applied.
MATCH-CD582593AC63,unresolved,Codex,2026-07-18,Similarity and local evidence are insufficient to establish historical legal identity; no match applied.
MATCH-6D46AE02FA10,unresolved,Codex,2026-07-18,Similarity and local evidence are insufficient to establish historical legal identity; no match applied.
MATCH-A329989894F6,unresolved,Codex,2026-07-18,Similarity and local evidence are insufficient to establish historical legal identity; no match applied.
MATCH-C7A197DFB389,unresolved,Codex,2026-07-18,Similarity and local evidence are insufficient to establish historical legal identity; no match applied.
MATCH-8A9195EBE5F6,unresolved,Codex,2026-07-18,Similarity and local evidence are insufficient to establish historical legal identity; no match applied.
MATCH-EDA57411257B,unresolved,Codex,2026-07-18,Similarity and local evidence are insufficient to establish historical legal identity; no match applied.
MATCH-0AB55CF42DED,unresolved,Codex,2026-07-18,Similarity and local evidence are insufficient to establish historical legal identity; no match applied.
MATCH-179892FDD389,unresolved,Codex,2026-07-18,Similarity and local evidence are insufficient to establish historical legal identity; no match applied.
MATCH-721E447346EF,unresolved,Codex,2026-07-18,Similarity and local evidence are insufficient to establish historical legal identity; no match applied.
MATCH-74E5BCFCA620,unresolved,Codex,2026-07-18,Similarity and local evidence are insufficient to establish historical legal identity; no match applied.
MATCH-B3896527CE00,unresolved,Codex,2026-07-18,Similarity and local evidence are insufficient to establish historical legal identity; no match applied.
MATCH-76D1005CF256,unresolved,Codex,2026-07-18,Similarity and local evidence are insufficient to establish historical legal identity; no match applied.
MATCH-8DDD8DA5B563,unresolved,Codex,2026-07-18,Similarity and local evidence are insufficient to establish historical legal identity; no match applied.
MATCH-3B9126CD3C65,unresolved,Codex,2026-07-18,Similarity and local evidence are insufficient to establish historical legal identity; no match applied.
MATCH-766253C258A9,unresolved,Codex,2026-07-18,Similarity and local evidence are insufficient to establish historical legal identity; no match applied.
MATCH-3811628837EA,unresolved,Codex,2026-07-18,Similarity and local evidence are insufficient to establish historical legal identity; no match applied.
MATCH-AC02A7B4ACA8,unresolved,Codex,2026-07-18,Similarity and local evidence are insufficient to establish historical legal identity; no match applied.
MATCH-151D3B6A17AF,unresolved,Codex,2026-07-18,Similarity and local evidence are insufficient to establish historical legal identity; no match applied.
MATCH-AA61B4030858,unresolved,Codex,2026-07-18,Similarity and local evidence are insufficient to establish historical legal identity; no match applied.
MATCH-8AE7A760B451,unresolved,Codex,2026-07-18,Similarity and local evidence are insufficient to establish historical legal identity; no match applied.
MATCH-BF5921AA2527,unresolved,Codex,2026-07-18,Similarity and local evidence are insufficient to establish historical legal identity; no match applied.
MATCH-807FF92D2FA4,unresolved,Codex,2026-07-18,Similarity and local evidence are insufficient to establish historical legal identity; no match applied.
MATCH-7420E91B4903,unresolved,Codex,2026-07-18,Similarity and local evidence are insufficient to establish historical legal identity; no match applied.
MATCH-4077EC0E9A67,unresolved,Codex,2026-07-18,Similarity and local evidence are insufficient to establish historical legal identity; no match applied.
MATCH-EC82A2017950,unresolved,Codex,2026-07-18,Similarity and local evidence are insufficient to establish historical legal identity; no match applied.
MATCH-FF3EFDC669B5,unresolved,Codex,2026-07-18,Similarity and local evidence are insufficient to establish historical legal identity; no match applied.
MATCH-4FACAB72147D,unresolved,Codex,2026-07-18,Similarity and local evidence are insufficient to establish historical legal identity; no match applied.
MATCH-1FAC4063046D,unresolved,Codex,2026-07-18,Similarity and local evidence are insufficient to establish historical legal identity; no match applied.
MATCH-1265A700EAE1,unresolved,Codex,2026-07-18,Similarity and local evidence are insufficient to establish historical legal identity; no match applied.
MATCH-2AD58A88AF9A,unresolved,Codex,2026-07-18,Similarity and local evidence are insufficient to establish historical legal identity; no match applied.
MATCH-43C6E8330199,unresolved,Codex,2026-07-18,Similarity and local evidence are insufficient to establish historical legal identity; no match applied.
MATCH-CF5EAD5D8AD2,unresolved,Codex,2026-07-18,Similarity and local evidence are insufficient to establish historical legal identity; no match applied.
MATCH-4D27D71768DC,unresolved,Codex,2026-07-18,Similarity and local evidence are insufficient to establish historical legal identity; no match applied.
MATCH-FE2FC57209B8,unresolved,Codex,2026-07-18,Similarity and local evidence are insufficient to establish historical legal identity; no match applied.
MATCH-01C31B7C93C7,unresolved,Codex,2026-07-18,Similarity and local evidence are insufficient to establish historical legal identity; no match applied.
MATCH-73E8138DB5E8,unresolved,Codex,2026-07-18,Similarity and local evidence are insufficient to establish historical legal identity; no match applied.
MATCH-6461823C947F,unresolved,Codex,2026-07-18,Similarity and local evidence are insufficient to establish historical legal identity; no match applied.
MATCH-9CA1B970274A,unresolved,Codex,2026-07-18,Similarity and local evidence are insufficient to establish historical legal identity; no match applied.
MATCH-B8F3B4D7FE9A,unresolved,Codex,2026-07-18,Similarity and local evidence are insufficient to establish historical legal identity; no match applied.
MATCH-BE3EB47A04EA,unresolved,Codex,2026-07-18,Similarity and local evidence are insufficient to establish historical legal identity; no match applied.
MATCH-5CFFFB161662,unresolved,Codex,2026-07-18,Similarity and local evidence are insufficient to establish historical legal identity; no match applied.
MATCH-4FC9AB3144AC,unresolved,Codex,2026-07-18,Similarity and local evidence are insufficient to establish historical legal identity; no match applied.
MATCH-D581DE2DD745,unresolved,Codex,2026-07-18,Similarity and local evidence are insufficient to establish historical legal identity; no match applied.
MATCH-7A016DCF9E7B,unresolved,Codex,2026-07-18,Similarity and local evidence are insufficient to establish historical legal identity; no match applied.
MATCH-252B484A609E,unresolved,Codex,2026-07-18,Similarity and local evidence are insufficient to establish historical legal identity; no match applied.
MATCH-3076C6ED0C85,unresolved,Codex,2026-07-18,Similarity and local evidence are insufficient to establish historical legal identity; no match applied.
MATCH-62634034D0CB,unresolved,Codex,2026-07-18,Similarity and local evidence are insufficient to establish historical legal identity; no match applied.
MATCH-DBE18B7797E2,unresolved,Codex,2026-07-18,Similarity and local evidence are insufficient to establish historical legal identity; no match applied.
MATCH-CEEB443EB1BB,unresolved,Codex,2026-07-18,Similarity and local evidence are insufficient to establish historical legal identity; no match applied.
MATCH-A3CCEAB28119,unresolved,Codex,2026-07-18,Similarity and local evidence are insufficient to establish historical legal identity; no match applied.
MATCH-65B6B52D6C22,unresolved,Codex,2026-07-18,Similarity and local evidence are insufficient to establish historical legal identity; no match applied.
MATCH-90D7C34F43F5,unresolved,Codex,2026-07-18,Similarity and local evidence are insufficient to establish historical legal identity; no match applied.
MATCH-72383B595F18,unresolved,Codex,2026-07-18,Similarity and local evidence are insufficient to establish historical legal identity; no match applied.
MATCH-3D49B0A08B5F,unresolved,Codex,2026-07-18,Similarity and local evidence are insufficient to establish historical legal identity; no match applied.
MATCH-7C0F510254F2,unresolved,Codex,2026-07-18,Similarity and local evidence are insufficient to establish historical legal identity; no match applied.
MATCH-531AFBD1A074,unresolved,Codex,2026-07-18,Similarity and local evidence are insufficient to establish historical legal identity; no match applied.
MATCH-75EDEE058F9B,unresolved,Codex,2026-07-18,Similarity and local evidence are insufficient to establish historical legal identity; no match applied.
MATCH-C8DC83D5CC0B,unresolved,Codex,2026-07-18,Similarity and local evidence are insufficient to establish historical legal identity; no match applied.
MATCH-C775BC7D697B,unresolved,Codex,2026-07-18,Similarity and local evidence are insufficient to establish historical legal identity; no match applied.
MATCH-733D7C687061,unresolved,Codex,2026-07-18,Similarity and local evidence are insufficient to establish historical legal identity; no match applied.
MATCH-DB12B9FA7C14,unresolved,Codex,2026-07-18,Similarity and local evidence are insufficient to establish historical legal identity; no match applied.
MATCH-E8199077033C,unresolved,Codex,2026-07-18,Similarity and local evidence are insufficient to establish historical legal identity; no match applied.
MATCH-B62A7BA5F2E6,unresolved,Codex,2026-07-18,Similarity and local evidence are insufficient to establish historical legal identity; no match applied.
MATCH-27036476CB41,unresolved,Codex,2026-07-18,Similarity and local evidence are insufficient to establish historical legal identity; no match applied.
MATCH-15F461B09FD9,unresolved,Codex,2026-07-18,Similarity and local evidence are insufficient to establish historical legal identity; no match applied.
MATCH-67A46AD6CE1F,unresolved,Codex,2026-07-18,Similarity and local evidence are insufficient to establish historical legal identity; no match applied.
MATCH-4D9BB9E6E8F9,unresolved,Codex,2026-07-18,Similarity and local evidence are insufficient to establish historical legal identity; no match applied.
MATCH-1D05CC62627E,unresolved,Codex,2026-07-18,Similarity and local evidence are insufficient to establish historical legal identity; no match applied.
MATCH-7C6A0872E5CA,unresolved,Codex,2026-07-18,Similarity and local evidence are insufficient to establish historical legal identity; no match applied.
MATCH-BD3708BC629E,unresolved,Codex,2026-07-18,Similarity and local evidence are insufficient to establish historical legal identity; no match applied.
MATCH-20324E6AC14A,unresolved,Codex,2026-07-18,Similarity and local evidence are insufficient to establish historical legal identity; no match applied.
MATCH-DDB3FB120A00,unresolved,Codex,2026-07-18,Similarity and local evidence are insufficient to establish historical legal identity; no match applied.
MATCH-DC67A78E5F32,unresolved,Codex,2026-07-18,Similarity and local evidence are insufficient to establish historical legal identity; no match applied.
MATCH-91B226B52351,unresolved,Codex,2026-07-18,Similarity and local evidence are insufficient to establish historical legal identity; no match applied.
MATCH-5F5CD13DCA77,unresolved,Codex,2026-07-18,Similarity and local evidence are insufficient to establish historical legal identity; no match applied.
MATCH-C758DF2059AB,unresolved,Codex,2026-07-18,Similarity and local evidence are insufficient to establish historical legal identity; no match applied.
MATCH-3C9476DE1E47,unresolved,Codex,2026-07-18,Similarity and local evidence are insufficient to establish historical legal identity; no match applied.
MATCH-0B1B957E904B,unresolved,Codex,2026-07-18,Similarity and local evidence are insufficient to establish historical legal identity; no match applied.
MATCH-19DAEF4B0633,unresolved,Codex,2026-07-18,Similarity and local evidence are insufficient to establish historical legal identity; no match applied.
MATCH-CF0E2F48C73B,unresolved,Codex,2026-07-18,Similarity and local evidence are insufficient to establish historical legal identity; no match applied.
MATCH-E6EF752E364A,unresolved,Codex,2026-07-18,Similarity and local evidence are insufficient to establish historical legal identity; no match applied.
MATCH-2AC079DCB9F7,unresolved,Codex,2026-07-18,Similarity and local evidence are insufficient to establish historical legal identity; no match applied.
MATCH-816FC3C7F512,unresolved,Codex,2026-07-18,Similarity and local evidence are insufficient to establish historical legal identity; no match applied.
MATCH-65FE72805896,unresolved,Codex,2026-07-18,Similarity and local evidence are insufficient to establish historical legal identity; no match applied.
MATCH-5E2BAABEFD06,unresolved,Codex,2026-07-18,Similarity and local evidence are insufficient to establish historical legal identity; no match applied.
MATCH-88FD4C59B751,unresolved,Codex,2026-07-18,Similarity and local evidence are insufficient to establish historical legal identity; no match applied.
MATCH-9DBA87F89AB0,unresolved,Codex,2026-07-18,Similarity and local evidence are insufficient to establish historical legal identity; no match applied.
MATCH-C7550C39AB56,unresolved,Codex,2026-07-18,Similarity and local evidence are insufficient to establish historical legal identity; no match applied.
MATCH-8E1094567343,unresolved,Codex,2026-07-18,Similarity and local evidence are insufficient to establish historical legal identity; no match applied.
MATCH-EB75CBFC8BF5,unresolved,Codex,2026-07-18,Similarity and local evidence are insufficient to establish historical legal identity; no match applied.
MATCH-EFA86536D70A,unresolved,Codex,2026-07-18,Similarity and local evidence are insufficient to establish historical legal identity; no match applied.
MATCH-808176E2DB92,unresolved,Codex,2026-07-18,Similarity and local evidence are insufficient to establish historical legal identity; no match applied.
MATCH-184971DFADAB,unresolved,Codex,2026-07-18,Similarity and local evidence are insufficient to establish historical legal identity; no match applied.
MATCH-B325D579830C,unresolved,Codex,2026-07-18,Similarity and local evidence are insufficient to establish historical legal identity; no match applied.
MATCH-CC575C7E15B6,unresolved,Codex,2026-07-18,Similarity and local evidence are insufficient to establish historical legal identity; no match applied.
MATCH-CAB519BFDA78,unresolved,Codex,2026-07-18,Similarity and local evidence are insufficient to establish historical legal identity; no match applied.
MATCH-F78FF809B1A4,unresolved,Codex,2026-07-18,Similarity and local evidence are insufficient to establish historical legal identity; no match applied.
MATCH-641FE7440388,unresolved,Codex,2026-07-18,Similarity and local evidence are insufficient to establish historical legal identity; no match applied.
MATCH-8D5366BA529C,unresolved,Codex,2026-07-18,Similarity and local evidence are insufficient to establish historical legal identity; no match applied.
MATCH-02CC58376CF2,unresolved,Codex,2026-07-18,Similarity and local evidence are insufficient to establish historical legal identity; no match applied.
MATCH-34F5D11DC36B,unresolved,Codex,2026-07-18,Similarity and local evidence are insufficient to establish historical legal identity; no match applied.
MATCH-0FF344BF7E5A,unresolved,Codex,2026-07-18,Similarity and local evidence are insufficient to establish historical legal identity; no match applied.
MATCH-58461FDCAB3C,unresolved,Codex,2026-07-18,Similarity and local evidence are insufficient to establish historical legal identity; no match applied.
MATCH-ABDD43E8BD73,unresolved,Codex,2026-07-18,Similarity and local evidence are insufficient to establish historical legal identity; no match applied.
MATCH-5C40CCE0EC99,unresolved,Codex,2026-07-18,Similarity and local evidence are insufficient to establish historical legal identity; no match applied.
MATCH-A6E2A1C244F8,unresolved,Codex,2026-07-18,Similarity and local evidence are insufficient to establish historical legal identity; no match applied.
MATCH-C4D01E920373,unresolved,Codex,2026-07-18,Similarity and local evidence are insufficient to establish historical legal identity; no match applied.
MATCH-3DA2AD35CBCA,unresolved,Codex,2026-07-18,Similarity and local evidence are insufficient to establish historical legal identity; no match applied.
MATCH-CFBB4C73ACC4,unresolved,Codex,2026-07-18,Similarity and local evidence are insufficient to establish historical legal identity; no match applied.
MATCH-A390D7F232BC,unresolved,Codex,2026-07-18,Similarity and local evidence are insufficient to establish historical legal identity; no match applied.
MATCH-B02BD2D7F496,unresolved,Codex,2026-07-18,Similarity and local evidence are insufficient to establish historical legal identity; no match applied.
MATCH-8E591687294A,unresolved,Codex,2026-07-18,Similarity and local evidence are insufficient to establish historical legal identity; no match applied.
MATCH-D4ECA8F60570,unresolved,Codex,2026-07-18,Similarity and local evidence are insufficient to establish historical legal identity; no match applied.
MATCH-76FE3746889B,unresolved,Codex,2026-07-18,Similarity and local evidence are insufficient to establish historical legal identity; no match applied.
MATCH-C9A83EAD66C4,unresolved,Codex,2026-07-18,Similarity and local evidence are insufficient to establish historical legal identity; no match applied.
MATCH-3845888F0EB5,unresolved,Codex,2026-07-18,Similarity and local evidence are insufficient to establish historical legal identity; no match applied.
MATCH-DDCF6DED989B,unresolved,Codex,2026-07-18,Similarity and local evidence are insufficient to establish historical legal identity; no match applied.
MATCH-8B62FAE0CDA9,unresolved,Codex,2026-07-18,Similarity and local evidence are insufficient to establish historical legal identity; no match applied.
MATCH-0FD578858B8E,unresolved,Codex,2026-07-18,Similarity and local evidence are insufficient to establish historical legal identity; no match applied.
MATCH-3706ACEFB654,approved,Codex,2026-07-18,Formatting-only legal-name variant with one unique locally evidenced FRN.
MATCH-996CD0E47DEE,unresolved,Codex,2026-07-18,Similarity and local evidence are insufficient to establish historical legal identity; no match applied.
MATCH-B9CA5846C2C9,unresolved,Codex,2026-07-18,Similarity and local evidence are insufficient to establish historical legal identity; no match applied.
MATCH-32A23A6FBB38,unresolved,Codex,2026-07-18,Similarity and local evidence are insufficient to establish historical legal identity; no match applied.
MATCH-0DA7FE8E8C2F,unresolved,Codex,2026-07-18,Similarity and local evidence are insufficient to establish historical legal identity; no match applied.
MATCH-8319C987F748,unresolved,Codex,2026-07-18,Similarity and local evidence are insufficient to establish historical legal identity; no match applied.
MATCH-F84CE0C88365,unresolved,Codex,2026-07-18,Similarity and local evidence are insufficient to establish historical legal identity; no match applied.
MATCH-EF815F229481,unresolved,Codex,2026-07-18,Similarity and local evidence are insufficient to establish historical legal identity; no match applied.
MATCH-A4707276EC49,unresolved,Codex,2026-07-18,Similarity and local evidence are insufficient to establish historical legal identity; no match applied.
MATCH-1BB5CD49CD1F,unresolved,Codex,2026-07-18,Similarity and local evidence are insufficient to establish historical legal identity; no match applied.
MATCH-C654055ED514,unresolved,Codex,2026-07-18,Similarity and local evidence are insufficient to establish historical legal identity; no match applied.
MATCH-CBF56CD3CCB6,unresolved,Codex,2026-07-18,Similarity and local evidence are insufficient to establish historical legal identity; no match applied.
MATCH-31E23EA451FC,unresolved,Codex,2026-07-18,Similarity and local evidence are insufficient to establish historical legal identity; no match applied.
MATCH-08F5EC216486,unresolved,Codex,2026-07-18,Similarity and local evidence are insufficient to establish historical legal identity; no match applied.
MATCH-5338A6054AE0,unresolved,Codex,2026-07-18,Similarity and local evidence are insufficient to establish historical legal identity; no match applied.
MATCH-7291141DB5D6,unresolved,Codex,2026-07-18,Similarity and local evidence are insufficient to establish historical legal identity; no match applied.
MATCH-7E606F548E16,unresolved,Codex,2026-07-18,Similarity and local evidence are insufficient to establish historical legal identity; no match applied.
MATCH-2BC0F4AA83FF,unresolved,Codex,2026-07-18,Similarity and local evidence are insufficient to establish historical legal identity; no match applied.
MATCH-4EB70E6872AF,unresolved,Codex,2026-07-18,Similarity and local evidence are insufficient to establish historical legal identity; no match applied.
MATCH-B7EA6CA7604C,unresolved,Codex,2026-07-18,Similarity and local evidence are insufficient to establish historical legal identity; no match applied.
MATCH-1F7AA25855B8,unresolved,Codex,2026-07-18,Similarity and local evidence are insufficient to establish historical legal identity; no match applied.
MATCH-589E5CA9BFCE,unresolved,Codex,2026-07-18,Similarity and local evidence are insufficient to establish historical legal identity; no match applied.
MATCH-ADB2EDF2C390,unresolved,Codex,2026-07-18,Similarity and local evidence are insufficient to establish historical legal identity; no match applied.
MATCH-770643EE7891,unresolved,Codex,2026-07-18,Similarity and local evidence are insufficient to establish historical legal identity; no match applied.
MATCH-2F90901B94F4,unresolved,Codex,2026-07-18,Similarity and local evidence are insufficient to establish historical legal identity; no match applied.
MATCH-C1CEFF09CBDF,unresolved,Codex,2026-07-18,Similarity and local evidence are insufficient to establish historical legal identity; no match applied.
MATCH-DDCC2C9CDB9E,unresolved,Codex,2026-07-18,Similarity and local evidence are insufficient to establish historical legal identity; no match applied.
MATCH-5D89043B1D56,unresolved,Codex,2026-07-18,Similarity and local evidence are insufficient to establish historical legal identity; no match applied.
MATCH-CA30F515C654,unresolved,Codex,2026-07-18,Similarity and local evidence are insufficient to establish historical legal identity; no match applied.
MATCH-E6F462C33043,unresolved,Codex,2026-07-18,Similarity and local evidence are insufficient to establish historical legal identity; no match applied.
MATCH-40BBFF82E3D3,unresolved,Codex,2026-07-18,Similarity and local evidence are insufficient to establish historical legal identity; no match applied.
MATCH-42175D44A665,unresolved,Codex,2026-07-18,Similarity and local evidence are insufficient to establish historical legal identity; no match applied.
MATCH-182CC39074AB,unresolved,Codex,2026-07-18,Similarity and local evidence are insufficient to establish historical legal identity; no match applied.
MATCH-1C1656F24333,unresolved,Codex,2026-07-18,Similarity and local evidence are insufficient to establish historical legal identity; no match applied.
MATCH-F373CEB8900D,unresolved,Codex,2026-07-18,Similarity and local evidence are insufficient to establish historical legal identity; no match applied.
MATCH-695D0E5B8CBD,unresolved,Codex,2026-07-18,Similarity and local evidence are insufficient to establish historical legal identity; no match applied.
MATCH-67304DEEB33C,unresolved,Codex,2026-07-18,Similarity and local evidence are insufficient to establish historical legal identity; no match applied.
MATCH-72488CF94DAE,unresolved,Codex,2026-07-18,Similarity and local evidence are insufficient to establish historical legal identity; no match applied.
MATCH-4C9E1E76C018,unresolved,Codex,2026-07-18,Similarity and local evidence are insufficient to establish historical legal identity; no match applied.
MATCH-34278AE7EAA3,unresolved,Codex,2026-07-18,Similarity and local evidence are insufficient to establish historical legal identity; no match applied.
MATCH-EBC8DB078E1B,unresolved,Codex,2026-07-18,Similarity and local evidence are insufficient to establish historical legal identity; no match applied.
MATCH-59F80748B828,unresolved,Codex,2026-07-18,Similarity and local evidence are insufficient to establish historical legal identity; no match applied.
MATCH-408D792370AE,unresolved,Codex,2026-07-18,Similarity and local evidence are insufficient to establish historical legal identity; no match applied.
MATCH-3DAA4D2956D0,unresolved,Codex,2026-07-18,Similarity and local evidence are insufficient to establish historical legal identity; no match applied.
MATCH-DA316D5D519C,unresolved,Codex,2026-07-18,Similarity and local evidence are insufficient to establish historical legal identity; no match applied.
MATCH-7D3CDA87B0BF,unresolved,Codex,2026-07-18,Similarity and local evidence are insufficient to establish historical legal identity; no match applied.
MATCH-DA24BACC70F9,unresolved,Codex,2026-07-18,Similarity and local evidence are insufficient to establish historical legal identity; no match applied.
MATCH-D589DBA59D2D,unresolved,Codex,2026-07-18,Similarity and local evidence are insufficient to establish historical legal identity; no match applied.
MATCH-ED43D49CE423,unresolved,Codex,2026-07-18,Similarity and local evidence are insufficient to establish historical legal identity; no match applied.
MATCH-53D9A06EFF0C,unresolved,Codex,2026-07-18,Similarity and local evidence are insufficient to establish historical legal identity; no match applied.
MATCH-C7C7519814A7,unresolved,Codex,2026-07-18,Similarity and local evidence are insufficient to establish historical legal identity; no match applied.
MATCH-6BCD5B87DEF1,unresolved,Codex,2026-07-18,Similarity and local evidence are insufficient to establish historical legal identity; no match applied.
MATCH-6E3024E8CCB7,unresolved,Codex,2026-07-18,Similarity and local evidence are insufficient to establish historical legal identity; no match applied.
MATCH-645B304D0D3D,unresolved,Codex,2026-07-18,Similarity and local evidence are insufficient to establish historical legal identity; no match applied.
MATCH-E9AF497960E6,unresolved,Codex,2026-07-18,Similarity and local evidence are insufficient to establish historical legal identity; no match applied.
MATCH-25546B569D41,unresolved,Codex,2026-07-18,Similarity and local evidence are insufficient to establish historical legal identity; no match applied.
MATCH-C6423AEFF1C9,unresolved,Codex,2026-07-18,Similarity and local evidence are insufficient to establish historical legal identity; no match applied.
MATCH-BAECE8350C4F,unresolved,Codex,2026-07-18,Similarity and local evidence are insufficient to establish historical legal identity; no match applied.
MATCH-1687CE911875,unresolved,Codex,2026-07-18,Similarity and local evidence are insufficient to establish historical legal identity; no match applied.
MATCH-916007DD9C21,unresolved,Codex,2026-07-18,Similarity and local evidence are insufficient to establish historical legal identity; no match applied.
MATCH-CAA27743965B,unresolved,Codex,2026-07-18,Similarity and local evidence are insufficient to establish historical legal identity; no match applied.
MATCH-0840789DA2CE,unresolved,Codex,2026-07-18,Similarity and local evidence are insufficient to establish historical legal identity; no match applied.
MATCH-0428166A6D77,unresolved,Codex,2026-07-18,Similarity and local evidence are insufficient to establish historical legal identity; no match applied.
MATCH-BB5056C76F17,unresolved,Codex,2026-07-18,Similarity and local evidence are insufficient to establish historical legal identity; no match applied.
MATCH-C456D9B54E85,unresolved,Codex,2026-07-18,Similarity and local evidence are insufficient to establish historical legal identity; no match applied.
MATCH-0C062D2ED490,unresolved,Codex,2026-07-18,Similarity and local evidence are insufficient to establish historical legal identity; no match applied.
MATCH-6DEC6AE5F7C0,unresolved,Codex,2026-07-18,Similarity and local evidence are insufficient to establish historical legal identity; no match applied.
MATCH-7C285104C65F,unresolved,Codex,2026-07-18,Similarity and local evidence are insufficient to establish historical legal identity; no match applied.
MATCH-9301CB0BD9FF,unresolved,Codex,2026-07-18,Similarity and local evidence are insufficient to establish historical legal identity; no match applied.
MATCH-A898A690E47F,unresolved,Codex,2026-07-18,Similarity and local evidence are insufficient to establish historical legal identity; no match applied.
MATCH-89691F1BFC0D,unresolved,Codex,2026-07-18,Similarity and local evidence are insufficient to establish historical legal identity; no match applied.
MATCH-A1A2D81DECDE,unresolved,Codex,2026-07-18,Similarity and local evidence are insufficient to establish historical legal identity; no match applied.
MATCH-B5AABF253B13,unresolved,Codex,2026-07-18,Similarity and local evidence are insufficient to establish historical legal identity; no match applied.
MATCH-6E418DC04E7B,unresolved,Codex,2026-07-18,Similarity and local evidence are insufficient to establish historical legal identity; no match applied.
MATCH-D97EF9C8C3DC,unresolved,Codex,2026-07-18,Similarity and local evidence are insufficient to establish historical legal identity; no match applied.
MATCH-59CBF4B23D9C,unresolved,Codex,2026-07-18,Similarity and local evidence are insufficient to establish historical legal identity; no match applied.
MATCH-ACC54C4DB1CC,unresolved,Codex,2026-07-18,Similarity and local evidence are insufficient to establish historical legal identity; no match applied.
MATCH-5623DECD2AC5,unresolved,Codex,2026-07-18,Similarity and local evidence are insufficient to establish historical legal identity; no match applied.
MATCH-1FB89A2E15E7,unresolved,Codex,2026-07-18,Similarity and local evidence are insufficient to establish historical legal identity; no match applied.
MATCH-1A9FCE180C66,unresolved,Codex,2026-07-18,Similarity and local evidence are insufficient to establish historical legal identity; no match applied.
MATCH-8133418DBE11,unresolved,Codex,2026-07-18,Similarity and local evidence are insufficient to establish historical legal identity; no match applied.
MATCH-10881BF04F54,approved,Codex,2026-07-18,Formatting-only legal-name variant with one unique locally evidenced FRN.
MATCH-3EECEE6D3E65,unresolved,Codex,2026-07-18,Similarity and local evidence are insufficient to establish historical legal identity; no match applied.
MATCH-D6D8BAABB17F,unresolved,Codex,2026-07-18,Similarity and local evidence are insufficient to establish historical legal identity; no match applied.
MATCH-8DFF59F05C9A,unresolved,Codex,2026-07-18,Similarity and local evidence are insufficient to establish historical legal identity; no match applied.
MATCH-704D964E4F30,unresolved,Codex,2026-07-18,Similarity and local evidence are insufficient to establish historical legal identity; no match applied.
MATCH-921F902E8EA5,unresolved,Codex,2026-07-18,Similarity and local evidence are insufficient to establish historical legal identity; no match applied.
MATCH-DF925D455203,unresolved,Codex,2026-07-18,Similarity and local evidence are insufficient to establish historical legal identity; no match applied.
MATCH-EBA9609F27BE,unresolved,Codex,2026-07-18,Similarity and local evidence are insufficient to establish historical legal identity; no match applied.
MATCH-1075DB16E773,unresolved,Codex,2026-07-18,Similarity and local evidence are insufficient to establish historical legal identity; no match applied.
MATCH-5B73FDE594AE,unresolved,Codex,2026-07-18,Similarity and local evidence are insufficient to establish historical legal identity; no match applied.
MATCH-205D8176E13F,unresolved,Codex,2026-07-18,Similarity and local evidence are insufficient to establish historical legal identity; no match applied.
MATCH-14834396E1B1,unresolved,Codex,2026-07-18,Similarity and local evidence are insufficient to establish historical legal identity; no match applied.
MATCH-4DD51A113C21,approved,Codex,2026-07-18,Formatting-only legal-name variant with one unique locally evidenced FRN.
MATCH-F6A624C79F9A,unresolved,Codex,2026-07-18,Similarity and local evidence are insufficient to establish historical legal identity; no match applied.
MATCH-0B0365B39546,unresolved,Codex,2026-07-18,Similarity and local evidence are insufficient to establish historical legal identity; no match applied.
MATCH-FAB2DDEA1FDA,unresolved,Codex,2026-07-18,Similarity and local evidence are insufficient to establish historical legal identity; no match applied.
MATCH-624AC8F2BB85,unresolved,Codex,2026-07-18,Similarity and local evidence are insufficient to establish historical legal identity; no match applied.
MATCH-022FB5A6147A,unresolved,Codex,2026-07-18,Similarity and local evidence are insufficient to establish historical legal identity; no match applied.
MATCH-E682FE732A97,unresolved,Codex,2026-07-18,Similarity and local evidence are insufficient to establish historical legal identity; no match applied.
MATCH-234549D01FBD,unresolved,Codex,2026-07-18,Similarity and local evidence are insufficient to establish historical legal identity; no match applied.
MATCH-1A17A957A901,unresolved,Codex,2026-07-18,Similarity and local evidence are insufficient to establish historical legal identity; no match applied.
MATCH-5F6234BBC535,unresolved,Codex,2026-07-18,Similarity and local evidence are insufficient to establish historical legal identity; no match applied.
MATCH-C1A43DF36D53,unresolved,Codex,2026-07-18,Similarity and local evidence are insufficient to establish historical legal identity; no match applied.
MATCH-5E40ABCD0ED6,unresolved,Codex,2026-07-18,Similarity and local evidence are insufficient to establish historical legal identity; no match applied.
MATCH-85FA215E7EAE,unresolved,Codex,2026-07-18,Similarity and local evidence are insufficient to establish historical legal identity; no match applied.
MATCH-9172021E738F,unresolved,Codex,2026-07-18,Similarity and local evidence are insufficient to establish historical legal identity; no match applied.
MATCH-5C0A4112B02B,unresolved,Codex,2026-07-18,Similarity and local evidence are insufficient to establish historical legal identity; no match applied.
MATCH-4BC4461BA54E,unresolved,Codex,2026-07-18,Similarity and local evidence are insufficient to establish historical legal identity; no match applied.
MATCH-1AF9E31BF604,unresolved,Codex,2026-07-18,Similarity and local evidence are insufficient to establish historical legal identity; no match applied.
MATCH-BC832912E0DF,unresolved,Codex,2026-07-18,Similarity and local evidence are insufficient to establish historical legal identity; no match applied.
MATCH-F45554B93961,unresolved,Codex,2026-07-18,Similarity and local evidence are insufficient to establish historical legal identity; no match applied.
MATCH-2322E89BA19F,unresolved,Codex,2026-07-18,Similarity and local evidence are insufficient to establish historical legal identity; no match applied.
MATCH-5F826D32FB62,unresolved,Codex,2026-07-18,Similarity and local evidence are insufficient to establish historical legal identity; no match applied.
MATCH-C21090ABF09A,unresolved,Codex,2026-07-18,Similarity and local evidence are insufficient to establish historical legal identity; no match applied.
MATCH-3E98CE52CAFF,unresolved,Codex,2026-07-18,Similarity and local evidence are insufficient to establish historical legal identity; no match applied.
MATCH-EF20EA81C22C,unresolved,Codex,2026-07-18,Similarity and local evidence are insufficient to establish historical legal identity; no match applied.
MATCH-00BC278542DC,unresolved,Codex,2026-07-18,Similarity and local evidence are insufficient to establish historical legal identity; no match applied.
MATCH-714257C8897A,unresolved,Codex,2026-07-18,Similarity and local evidence are insufficient to establish historical legal identity; no match applied.
MATCH-DA9A2D2FCB48,unresolved,Codex,2026-07-18,Similarity and local evidence are insufficient to establish historical legal identity; no match applied.
MATCH-9D2BC240F6E9,approved,Codex,2026-07-18,Formatting-only legal-name variant with one unique locally evidenced FRN.
MATCH-ADE7F3D9D1E0,unresolved,Codex,2026-07-18,Similarity and local evidence are insufficient to establish historical legal identity; no match applied.
MATCH-29152E2C70FF,unresolved,Codex,2026-07-18,Similarity and local evidence are insufficient to establish historical legal identity; no match applied.
MATCH-F65FC650F628,unresolved,Codex,2026-07-18,Similarity and local evidence are insufficient to establish historical legal identity; no match applied.
MATCH-03500B59D5A9,unresolved,Codex,2026-07-18,Similarity and local evidence are insufficient to establish historical legal identity; no match applied.
MATCH-F0E6718FD5EF,unresolved,Codex,2026-07-18,Similarity and local evidence are insufficient to establish historical legal identity; no match applied.
MATCH-0CE4F40E948F,unresolved,Codex,2026-07-18,Similarity and local evidence are insufficient to establish historical legal identity; no match applied.
MATCH-10D085F92399,unresolved,Codex,2026-07-18,Similarity and local evidence are insufficient to establish historical legal identity; no match applied.
MATCH-5DB3AB9B5EAD,unresolved,Codex,2026-07-18,Similarity and local evidence are insufficient to establish historical legal identity; no match applied.
MATCH-ACB7D0B5F52B,unresolved,Codex,2026-07-18,Similarity and local evidence are insufficient to establish historical legal identity; no match applied.
MATCH-2B3E401E78A1,unresolved,Codex,2026-07-18,Similarity and local evidence are insufficient to establish historical legal identity; no match applied.
MATCH-05BD8B8E048D,unresolved,Codex,2026-07-18,Similarity and local evidence are insufficient to establish historical legal identity; no match applied.
MATCH-F9B5F5ACABE5,unresolved,Codex,2026-07-18,Similarity and local evidence are insufficient to establish historical legal identity; no match applied.
MATCH-E721AC063F56,unresolved,Codex,2026-07-18,Similarity and local evidence are insufficient to establish historical legal identity; no match applied.
MATCH-39AA22A45D92,unresolved,Codex,2026-07-18,Similarity and local evidence are insufficient to establish historical legal identity; no match applied.
MATCH-1F08AA9FB3ED,approved,Codex,2026-07-18,Formatting-only legal-name variant with one unique locally evidenced FRN.
MATCH-B55AE3A524FF,unresolved,Codex,2026-07-18,Similarity and local evidence are insufficient to establish historical legal identity; no match applied.
MATCH-ED684D0EC6B7,unresolved,Codex,2026-07-18,Similarity and local evidence are insufficient to establish historical legal identity; no match applied.
MATCH-31F1B28FE636,unresolved,Codex,2026-07-18,Similarity and local evidence are insufficient to establish historical legal identity; no match applied.
MATCH-0E4D54C41269,unresolved,Codex,2026-07-18,Similarity and local evidence are insufficient to establish historical legal identity; no match applied.
MATCH-AA064FDED56E,unresolved,Codex,2026-07-18,Similarity and local evidence are insufficient to establish historical legal identity; no match applied.
MATCH-D36136A8A13A,unresolved,Codex,2026-07-18,Similarity and local evidence are insufficient to establish historical legal identity; no match applied.
MATCH-F283742F671D,unresolved,Codex,2026-07-18,Similarity and local evidence are insufficient to establish historical legal identity; no match applied.
MATCH-E4D5732440A3,unresolved,Codex,2026-07-18,Similarity and local evidence are insufficient to establish historical legal identity; no match applied.
MATCH-D1838EB86790,unresolved,Codex,2026-07-18,Similarity and local evidence are insufficient to establish historical legal identity; no match applied.
MATCH-FAC58A43BA0A,unresolved,Codex,2026-07-18,Similarity and local evidence are insufficient to establish historical legal identity; no match applied.
MATCH-00AF8EF5D7B5,unresolved,Codex,2026-07-18,Similarity and local evidence are insufficient to establish historical legal identity; no match applied.
MATCH-677C0E697881,unresolved,Codex,2026-07-18,Similarity and local evidence are insufficient to establish historical legal identity; no match applied.
MATCH-543C588A3E52,unresolved,Codex,2026-07-18,Similarity and local evidence are insufficient to establish historical legal identity; no match applied.
MATCH-4E864553CF27,unresolved,Codex,2026-07-18,Similarity and local evidence are insufficient to establish historical legal identity; no match applied.
MATCH-8AD2AF7A6BB3,unresolved,Codex,2026-07-18,Similarity and local evidence are insufficient to establish historical legal identity; no match applied.
MATCH-25C78B04A794,unresolved,Codex,2026-07-18,Similarity and local evidence are insufficient to establish historical legal identity; no match applied.
MATCH-67A472C1BAC8,unresolved,Codex,2026-07-18,Similarity and local evidence are insufficient to establish historical legal identity; no match applied.
MATCH-EEF443AD29A0,unresolved,Codex,2026-07-18,Similarity and local evidence are insufficient to establish historical legal identity; no match applied.
MATCH-45F8EB4464D7,unresolved,Codex,2026-07-18,Similarity and local evidence are insufficient to establish historical legal identity; no match applied.
MATCH-7C153741DB86,unresolved,Codex,2026-07-18,Similarity and local evidence are insufficient to establish historical legal identity; no match applied.
MATCH-9C0726DC0471,unresolved,Codex,2026-07-18,Similarity and local evidence are insufficient to establish historical legal identity; no match applied.
MATCH-BAF15ED049DB,unresolved,Codex,2026-07-18,Similarity and local evidence are insufficient to establish historical legal identity; no match applied.
MATCH-9C155C31874D,unresolved,Codex,2026-07-18,Similarity and local evidence are insufficient to establish historical legal identity; no match applied.
MATCH-999D36BC5A7D,approved,Codex,2026-07-18,Formatting-only legal-name variant with one unique locally evidenced FRN.
MATCH-8F4DF6C2B41F,unresolved,Codex,2026-07-18,Similarity and local evidence are insufficient to establish historical legal identity; no match applied.
MATCH-96FD44526850,unresolved,Codex,2026-07-18,Similarity and local evidence are insufficient to establish historical legal identity; no match applied.
MATCH-97739AD53F27,approved,Codex,2026-07-18,Formatting-only legal-name variant with one unique locally evidenced FRN.
MATCH-84F55BF0859D,unresolved,Codex,2026-07-18,Similarity and local evidence are insufficient to establish historical legal identity; no match applied.
MATCH-92D91DFCABF8,unresolved,Codex,2026-07-18,Similarity and local evidence are insufficient to establish historical legal identity; no match applied.
MATCH-D3FAFBA048B6,approved,Codex,2026-07-18,Formatting-only legal-name variant with one unique locally evidenced FRN.
MATCH-7005C65D1083,unresolved,Codex,2026-07-18,Similarity and local evidence are insufficient to establish historical legal identity; no match applied.
MATCH-1B8012C3E616,unresolved,Codex,2026-07-18,Similarity and local evidence are insufficient to establish historical legal identity; no match applied.
MATCH-E743421D7E36,approved,Codex,2026-07-18,Formatting-only legal-name variant with one unique locally evidenced FRN.
MATCH-340ECCFE2614,unresolved,Codex,2026-07-18,Similarity and local evidence are insufficient to establish historical legal identity; no match applied.
MATCH-34931F1421D0,unresolved,Codex,2026-07-18,Similarity and local evidence are insufficient to establish historical legal identity; no match applied.
MATCH-A4269EDE2D30,unresolved,Codex,2026-07-18,Similarity and local evidence are insufficient to establish historical legal identity; no match applied.
MATCH-51EF274E593F,unresolved,Codex,2026-07-18,Similarity and local evidence are insufficient to establish historical legal identity; no match applied.
MATCH-7E3309E4B8FA,unresolved,Codex,2026-07-18,Similarity and local evidence are insufficient to establish historical legal identity; no match applied.
MATCH-0C8F20BB44D9,approved,Codex,2026-07-18,Formatting-only legal-name variant with one unique locally evidenced FRN.
MATCH-A9750296F99A,unresolved,Codex,2026-07-18,Similarity and local evidence are insufficient to establish historical legal identity; no match applied.
MATCH-5D8059A1CB76,unresolved,Codex,2026-07-18,Similarity and local evidence are insufficient to establish historical legal identity; no match applied.
MATCH-88D81F7C5F8D,approved,Codex,2026-07-18,Formatting-only legal-name variant with one unique locally evidenced FRN.
MATCH-22AA9B5B615B,unresolved,Codex,2026-07-18,Similarity and local evidence are insufficient to establish historical legal identity; no match applied.
MATCH-07EEA20CA7A5,unresolved,Codex,2026-07-18,Similarity and local evidence are insufficient to establish historical legal identity; no match applied.
MATCH-A16AFD24C32D,unresolved,Codex,2026-07-18,Similarity and local evidence are insufficient to establish historical legal identity; no match applied.
MATCH-86318AE044B4,unresolved,Codex,2026-07-18,Similarity and local evidence are insufficient to establish historical legal identity; no match applied.
MATCH-674BCF965E53,unresolved,Codex,2026-07-18,Similarity and local evidence are insufficient to establish historical legal identity; no match applied.
MATCH-B15CE48F4514,approved,Codex,2026-07-18,Formatting-only legal-name variant with one unique locally evidenced FRN.
MATCH-B5089ECE217F,unresolved,Codex,2026-07-18,Similarity and local evidence are insufficient to establish historical legal identity; no match applied.
MATCH-6CB7AD280B06,unresolved,Codex,2026-07-18,Similarity and local evidence are insufficient to establish historical legal identity; no match applied.
MATCH-7BCC18985832,unresolved,Codex,2026-07-18,Similarity and local evidence are insufficient to establish historical legal identity; no match applied.
MATCH-47E068BE10A9,unresolved,Codex,2026-07-18,Similarity and local evidence are insufficient to establish historical legal identity; no match applied.
MATCH-3A47F52C4714,unresolved,Codex,2026-07-18,Similarity and local evidence are insufficient to establish historical legal identity; no match applied.
MATCH-39A03E4CD445,unresolved,Codex,2026-07-18,Similarity and local evidence are insufficient to establish historical legal identity; no match applied.
MATCH-952D95BB6C24,unresolved,Codex,2026-07-18,Similarity and local evidence are insufficient to establish historical legal identity; no match applied.
MATCH-63F02D9EAF44,unresolved,Codex,2026-07-18,Similarity and local evidence are insufficient to establish historical legal identity; no match applied.
MATCH-B548353EADCE,unresolved,Codex,2026-07-18,Similarity and local evidence are insufficient to establish historical legal identity; no match applied.
MATCH-9D187D967D82,unresolved,Codex,2026-07-18,Similarity and local evidence are insufficient to establish historical legal identity; no match applied.
MATCH-14BFFBE9B723,unresolved,Codex,2026-07-18,Similarity and local evidence are insufficient to establish historical legal identity; no match applied.
MATCH-7B8C2E226522,unresolved,Codex,2026-07-18,Similarity and local evidence are insufficient to establish historical legal identity; no match applied.
MATCH-0BC302E2AEAA,unresolved,Codex,2026-07-18,Similarity and local evidence are insufficient to establish historical legal identity; no match applied.
MATCH-B61E6522C9B1,unresolved,Codex,2026-07-18,Similarity and local evidence are insufficient to establish historical legal identity; no match applied.
MATCH-DEBD2C33AB6E,approved,Codex,2026-07-18,Formatting-only legal-name variant with one unique locally evidenced FRN.
MATCH-879BEB957829,unresolved,Codex,2026-07-18,Similarity and local evidence are insufficient to establish historical legal identity; no match applied.
MATCH-44C8383E226E,unresolved,Codex,2026-07-18,Similarity and local evidence are insufficient to establish historical legal identity; no match applied.
MATCH-8435E98D531C,approved,Codex,2026-07-18,Formatting-only legal-name variant with one unique locally evidenced FRN.
MATCH-6F4B6C73C4C6,unresolved,Codex,2026-07-18,Similarity and local evidence are insufficient to establish historical legal identity; no match applied.
MATCH-F563D7E4AFA9,unresolved,Codex,2026-07-18,Similarity and local evidence are insufficient to establish historical legal identity; no match applied.
MATCH-14C9B426BC7B,unresolved,Codex,2026-07-18,Similarity and local evidence are insufficient to establish historical legal identity; no match applied.
MATCH-C3A7DBC1CD7B,unresolved,Codex,2026-07-18,Similarity and local evidence are insufficient to establish historical legal identity; no match applied.
MATCH-6274C7AB6674,unresolved,Codex,2026-07-18,Similarity and local evidence are insufficient to establish historical legal identity; no match applied.
MATCH-F27C2C3DA596,approved,Codex,2026-07-18,Formatting-only legal-name variant with one unique locally evidenced FRN.
MATCH-8A963413EC95,unresolved,Codex,2026-07-18,Similarity and local evidence are insufficient to establish historical legal identity; no match applied.
MATCH-41AA857978AF,unresolved,Codex,2026-07-18,Similarity and local evidence are insufficient to establish historical legal identity; no match applied.
MATCH-CB5FE1A1CC10,unresolved,Codex,2026-07-18,Similarity and local evidence are insufficient to establish historical legal identity; no match applied.
MATCH-8440FF50EB95,unresolved,Codex,2026-07-18,Similarity and local evidence are insufficient to establish historical legal identity; no match applied.
MATCH-8293D78FCB5A,unresolved,Codex,2026-07-18,Similarity and local evidence are insufficient to establish historical legal identity; no match applied.
MATCH-253B17E12BCA,approved,Codex,2026-07-18,Formatting-only legal-name variant with one unique locally evidenced FRN.
MATCH-66C57DD2C9D7,unresolved,Codex,2026-07-18,Similarity and local evidence are insufficient to establish historical legal identity; no match applied.
MATCH-67D58DE3D433,unresolved,Codex,2026-07-18,Similarity and local evidence are insufficient to establish historical legal identity; no match applied.
MATCH-1F0904D132AE,approved,Codex,2026-07-18,Formatting-only legal-name variant with one unique locally evidenced FRN.
MATCH-E988E79E6CCD,unresolved,Codex,2026-07-18,Similarity and local evidence are insufficient to establish historical legal identity; no match applied.
MATCH-32ADCA60DE8A,unresolved,Codex,2026-07-18,Similarity and local evidence are insufficient to establish historical legal identity; no match applied.
