reporting_period,display_firm_name,product_group,source_check_status,source_check_resolution,source_check_evidence,resolved_disposition
2025-H2,Coutts & Company,decumulation_and_pensions,resolved_with_caveat,"Workbook confirms 23 opened, 20 closed, 90% upheld, 75% closed after 3 days within 8 weeks and context rate 4.84. Values are correctly extracted; retain small-denominator caveat.","firm-level-complaints-data-2025-h2.xlsx: Opened!F67; Closed!F67; Percentage upheld!F67; Percentage after 3 days, within!F67; Context - Provision!F54",retain_priority_review_with_statistical_caveat
2023-H1,AJ Bell Management Limited,banking_and_credit_cards,resolved_with_caveat,"Workbook confirms 106 opened and 37 closed with the reported percentages. Values are correctly extracted; retain small-denominator caveat.","firm-level-complaints-data-2023-h1.xlsx: Opened!E16; Closed!E16; Upheld!E16",retain_priority_review_with_statistical_caveat
2025-H2,LeasePlan UK Limited,insurance_and_pure_protection,resolved_with_caveat,"Workbook confirms 23 opened, 21 closed, 76.19% upheld and the reported closure percentages. Values are correctly extracted; retain small-denominator caveat.","firm-level-complaints-data-2025-h2.xlsx: Opened!H119; Closed!H119; Percentage upheld!H119",retain_priority_review_with_statistical_caveat
2021-H2,Creation Financial Services Limited,insurance_and_pure_protection,resolved_with_caveat,"Workbook confirms 17 opened, 20 closed, 30% upheld, 40% closed after 3 days within 8 weeks and context rate 8.69. Values are correctly extracted; retain small-denominator caveat.","firm-level-complaints-data-2021-h2.xlsx: Opened!H63; Closed!H63; Upheld!H63; Context - Provision!H52",retain_priority_review_with_statistical_caveat
2021-H1,Black Horse Limited,insurance_and_pure_protection,resolved_with_definition,"Workbook cell H34 contains 722625. FCA Notes explain unusually high insurance/PPI context figures can result from shorter-period or policies-in-force denominators. Preserve the source value and attach the definition caveat.","firm-level-complaints-data-2021-h1.xlsx: Context (Provision)!H34; Notes row 6",retain_priority_review_with_definition_caveat
2021-H2,Black Horse Limited,insurance_and_pure_protection,resolved_with_definition,"Workbook cell H32 contains 209428.57. FCA Notes explain unusually high insurance/PPI context figures can result from shorter-period or policies-in-force denominators. Preserve the source value and attach the definition caveat.","firm-level-complaints-data-2021-h2.xlsx: Context - Provision!H32; Notes row 6",retain_priority_review_with_definition_caveat
2022-H1,Black Horse Limited,insurance_and_pure_protection,resolved_with_definition,"Workbook cell H33 contains 79000. FCA Notes explain unusually high insurance/PPI context figures can result from shorter-period or policies-in-force denominators. Preserve the source value and attach the definition caveat.","firm-level-complaints-data-2022-h1.xlsx: Context A Provision!H33; Notes row 6",retain_priority_review_with_definition_caveat
2022-H1,UK Warranty Limited,insurance_and_pure_protection,confirmed_source_anomaly,"Separate source sheets report 88.35% closed within 3 days and 30.12% after 3 days within 8 weeks, totalling 118.47%. Extraction is correct but the FCA source values are internally inconsistent. Do not use the derived timeliness measure without business treatment.","firm-level-complaints-data-2022-h1.xlsx: % closed in 3 days!H203; % >3 days & <8 !H205",source_anomaly_requires_business_review
2021-H2,Frasers Group Financial Services Limited,insurance_and_pure_protection,resolved_with_caveat,"The source workbook reports this observation under its historical name Studio Retail Limited and confirms 22 opened, 41 closed and 80.5% upheld. Official FCA evidence identifies Studio Retail Limited as FRN 311908; Companies House records its later name as Frasers Group Financial Services Limited. Retain small-denominator caveat.","firm-level-complaints-data-2021-h2.xlsx: Opened!H187; Closed!H186; Upheld!H186; FCA FOI annex FRN 311908",retain_priority_review_with_statistical_caveat
